item_id,item_name,name,department,regno,phoneno,no_issued,date_of_issue,time_of_issue,returned,return_date,return_time,penalty


1,Football (Nivia),Sankalp Jain,ai,234444444444,9650804255,1,2024-01-19,20:50:05.400908
1,Football (Nivia),Sankalp Jain,ai,234444444444,9650804255,1,2024-01-19,20:50:05.400908,True,2024-01-19,20:50:49.886227,0
2,Football (Adidas),brob,cse,23894723899,9836182713,1,2024-01-19,21:10:15.315835
5,Cricket Bat (GS),brob,sd,234444444444432,9650804255,1,2024-01-19,22:19:24.997357
2,Football (Adidas),brob,cse,23894723899,9836182713,1,2024-01-19,21:10:15.315835,True,2024-01-20,16:00:31.971915,0
5,Cricket Bat (GS),brob,sd,234444444444432,9650804255,1,2024-01-19,22:19:24.997357,True,2024-01-20,16:00:40.709220,0
1,Football (Nivia),mamoo,mit,2258917274,9765840326,2,2024-01-20,16:52:12.749647
1,Football (Adidas),sidhant,cyber,23894723847268,03289`5[8i160u60[,1,2024-01-25,23:53:19.811668
6,tt bat,Sankalp Jain,sd,238947238472687,9836182713,1,2024-01-31,11:53:33.770365
6,tt bat,Sankalp Jain,sd,238947238472687,9836182713,1,2024-01-31,11:53:33.770365,True,2024-01-31,11:54:52.798166,0
